{{utm_string}},utm_medium=email&utm_source=promotion&utm_campaign=2026-q1-storage-steals-d2c-promo
{{hero_img_alt}},A selection of three Seagate products arranged on stepped white platforms.
{{eyebrow}},Limited time deals
{{hero_headline}},Don’t miss our Storage Steals!
{{hero_strapline}},"Save up to $70 + get free shipping sitewide!* 
Sale ends 7/11."
{{hero_btn_URL}},https://www.seagate.com/products/shop/?fq-ecomm_product_catalog_shop=storage-steals
{{hero_btn_txt}},Shop now
{{body_1_h2}},Gaming
{{body_1_p}},"Elevate your gaming experience with faster load times, smoother gameplay and lots of space for all your favorite games."
{{body_1_img_alt}},"A white Seagate external hard drive is on a gray textured surface, next to a PlayStation controller, headphones, and a bag."
{{body_1_btn_URL}},https://www.seagate.com/products/shop/?fq-ecomm_product_catalog_category=gaming
{{body_1_btn_txt}},Shop now
{{body_1_btn_aria}},Shop gaming now
{{body_1_product_name}},Expansion Card for Xbox Series X | S
{{body_1_product_img_alt}},Product shot of the Expansion Card for Xbox Series X | S
{{body_1_product_URL}},https://www.seagate.com/products/gaming-drives/xbox-gaming/storage-expansion-for-xbox-series-x/?sku=STJR1000400&store=1
{{body_1_product_pricing}},Save up to $40
{{body_1_product_btn_aria}},View Xbox products
{{body_1_product_btn_text}},View products
{{body_1_product_2_name}},Game Drive for PS5
{{body_1_product_2_img_alt}},Product shot of the Game Drive for PS5
{{body_1_product_2_URL}},https://www.seagate.com/products/gaming-drives/playstation-gaming/game-drive-ps5/?sku=STLV2000101&store=1
{{body_1_product_2_pricing}},Save up to $20
{{body_1_product_btn_aria}},View PS5 products
{{body_1_product_2_btn_text}},View products
{{body_2_h2}},Personal Storage
{{body_2_p}},Internal and external hard drives for your everyday backup and storage needs.
{{body_2_img_alt}},A sleek laptop on a modern white desk. Next to it are a white mouse and a black external hard drive.
{{body_2_btn_URL}},https://www.seagate.com/products/shop/?fq-ecomm_product_catalog_category=personal-storage
{{body_2_btn_txt}},Shop now
{{body_2_btn_aria}},Shop personal storage now
{{body_2_product_name}},Expansion Desktop
{{body_2_product_img_alt}},Product shot of the Expansion Desktop
{{body_2_product_URL}},https://www.seagate.com/products/external-hard-drives/expansion-desktop-hard-drive/?sku=STKP6000400&store=1
{{body_2_product_pricing}},Save up to $70
{{body_2_product_btn_aria}},View desktop products
{{body_2_product_btn_text}},View products
{{body_2_product_2_name}},Seagate Portable Drive
{{body_2_product_2_img_alt}},Product shot of the Seagate Portable Drive
{{body_2_product_2_URL}},https://www.seagate.com/products/external-hard-drives/portable-drive/?sku=STGX1000400&store=1
{{body_2_product_2_pricing}},Save up to $25
{{body_2_product_btn_aria}},View PS5 products
{{body_2_product_2_btn_text}},View products
{{body_3_h2}},Network-attached storage (NAS)
{{body_3_p}},"24×7 reliability, performance, and scalability for multi-bay NAS systems."
{{body_3_img_alt}},A black QNAP NAS device with multiple drive bays sits on a wooden table next to a Seagate IronWolf Pro hard drive.
{{body_3_btn_URL}},https://www.seagate.com/products/shop/?fq-ecomm_product_catalog_category=nas
{{body_3_btn_txt}},Shop now
{{body_3_btn_aria}},Shop NAS now
{{body_3_product_name}},IronWolf HDD
{{body_3_product_img_alt}},Product shot of the IronWolf HDD
{{body_3_product_URL}},https://www.seagate.com/products/nas-drives/ironwolf-hard-drive/?sku=ST8000VN004&store=1
{{body_3_product_pricing}},Save up to $30
{{body_3_product_btn_aria}},View IronWolf products
{{body_3_product_btn_text}},View products
{{body_3_product_2_name}},{{body_3_product_btn_text}}
{{body_3_product_2_img_alt}},Product shot of the IronWolf Pro HDD
{{body_3_product_2_URL}},https://www.seagate.com/products/nas-drives/ironwolf-pro-hard-drive/?sku=ST12000NT001&store=1
{{body_3_product_2_pricing}},Save up to $70
{{body_3_product_btn_aria}},View IronWolf Pro products
{{body_3_product_2_btn_text}},View products
{{promo_terms_txt}},*Promotion terms and conditions available at
{{promo_terms_URL}},https://www.seagate.com/legal/sales-and-promotion/july-2025-free-shipping-promo/
{{footer_vol}},View Online
{{footer_unsub}},Unsubscribe
{{footer_shop_help}},Shop Help
{{footer_shop_returns}},Returns
{{footer_shop_terms}},Terms of Use
{{footer_shop_privacy}},Privacy
{{footer_address}},"Seagate Technology LLC. All rights reserved. Seagate, Seagate Technology, and the Spiral logo are registered trademarks of Seagate Technology LLC in the United States and/or other countries. Seagate reserves the right to change, without notice, product offerings or specifications. 47488 Kato Road, Fremont, CA 94538 U.S.A."
